יישוב_נקי,lat,lon
גני יוחנן,31.857700045996,34.8370833334332
גינתון,31.9632730962419,34.9137746940875
בקוע,31.8292697254558,34.9250934226688
שיבולים,31.3963750074035,34.6076231257121
יטבתה,29.8949947693795,35.063076550323
אלוני יצחק,32.5104424379227,35.0037176009896
גבעת השלושה,32.0981319797829,34.9215927328229
עינת,32.0828620570197,34.9390647469673
גאולי תימן,32.3923142565263,34.9016282377641
שלווה,31.5644385631114,34.7676446527205
כפר עבודה,32.2579548704324,34.9412815795699
בית חירות,32.3764585328346,34.8713371859455
עין שריד,32.2737306973477,34.9359462816889
רמת פנקס,32.0348897807862,34.8415017937438
שדה בוקר,30.8714420447307,34.7937047242101
איתנים,31.7783201094464,35.0956872520313
"כפר הרי""ף",31.7495732541744,34.7920805113639
כפר חסידים ב',32.7526167806331,35.0872601997513
כפר הנוער הדתי,32.7427514242739,35.0991898579627
עבדון,33.0494097371008,35.1823834809677
שבלי - אום אל-גנם,32.6861978348932,35.3985850360693
ישע,31.2475865136921,34.4022432556255
שגב,32.865893117255,35.2527247201265
גבעת ישעיהו,31.6704086645067,34.9477178638369
שער מנשה,32.4508538401193,35.0167562474858
רכסים,32.7519866128193,35.1017087314518
ביאדה,32.5573936871891,35.1660054452832
סואעד (חמרייה),32.7673159186053,35.1677075318226
בסמת טבעון,32.7407321420667,35.1474160360823
זרזיר,32.7253034905377,35.2231358786562
כעביה-טבאש-חג'אג'רה,32.7472032730826,35.1913295266662
חמאם,32.8298407087253,35.4898718916306
מנשית זבדה,32.7055098147342,35.1927629965794
רומת הייב,32.7793573544762,35.3029672402387
ביר אל-מכסור,32.7834478542778,35.222893101445
מבשרת ציון,31.8001699246383,35.150529475619
אור עקיבא,32.5094867006543,34.9200534256654
חרוצים,32.2273686952822,34.8648766054018
שדרות,31.5259030322262,34.5977458834956
קריית מלאכי,31.7325169829981,34.7463103184028
יעף,32.2675005753991,34.9646784101637
שתולה,33.0856943895518,35.3141602591365
אוהד,31.2369780098232,34.4320395710553
חזון,32.9059742975757,35.3951494076624
רמת אפעל,32.0469715591844,34.8349613302926
בית חשמונאי,31.889182753302,34.9171890055805
תלמי אליהו,31.2282932992525,34.4293480065389
קטורה,29.9695322648025,35.0613300114599
תל שבע,31.248049262195,34.8601763883537
נווה זוהר,31.152499254303,35.3643690939098
שדה ניצן,31.2300521601144,34.4195114459896
כסיפה,31.2447193170557,35.08004481141
לקיה,31.3238443713039,34.8647645011837
נצרת עילית,32.7145037190575,35.3227270063546
נווה אפרים,32.0252752931594,34.8739947623231
מעלות-תרשיחא,33.0178315832258,35.2821241834425
אמירים,32.9381185987987,35.4494195831306
"בני עי""ש",31.7891233254057,34.7602245134038
"דוב""ב",33.0538535167836,35.4094908399496
אדמית,33.0857724489591,35.2199927434519
רם-און,32.5279290873165,35.2595499374703
אביעזר,31.6814500376867,35.0155712113222
נווה מיכאל,31.6730758855532,35.0057560937076
גן הדרום,31.8041138279133,34.7008926892783
בית ברל,32.2013540959889,34.926600786158
צפרירים,31.6604207200454,34.9431936010793
מבועים,31.4492116410543,34.6540589963388
אבן מנחם,33.0744634911106,35.2937211645333
מעגלים,31.3967490138292,34.5986877295265
תושייה,31.4337279358525,34.5407015233831
בן שמן (כפר נוער),31.9597747040147,34.9277705533558
כרם שלום,31.2278180705192,34.2844932172943
כרם יבנה (ישיבה),31.819440600109,34.7216312951809
דבורייה,32.6894856671167,35.3718112206433
דיר אל-אסד,32.9374797537819,35.2659860807972
דייר חנא,32.8628133364707,35.3678610709024
דייר ראפאת,31.7762795855921,34.9472591177483
עיר כרמל,32.6933310827704,35.0528546112006
חורפיש,33.0165669233255,35.3446851904279
טייבה (בעמק),32.6037816504705,35.4448401972594
טורעאן,32.7772441751451,35.3751176211404
יפיע,32.6841793556134,35.2756894124789
ירכא,32.9543978362127,35.2021676893324
כאבול,32.8721902811792,35.2072158104319
כאוכב אבו אל-היג'א,32.8305839285158,35.2483580671165
כפר כמא,32.7215359670496,35.4399940405787
כפר כנא,32.7473925946292,35.341721886388
כפר מנדא,32.8084315403218,35.2634966611836
עילוט,32.7181678954939,35.2618966215657
כפר מצר,32.6455282700181,35.4227736286348
עין ראפה,31.7903354584138,35.1136510750515
שגור,32.9206610062916,35.2547696095697
מזרעה,32.984377354652,35.0986009705819
מעיליא,33.0270603054927,35.2572363987287
משהד,32.7411552397988,35.3219874917594
נחף,32.9348316882925,35.3185555739738
ניין,32.6308413706018,35.3490282054711
נאעורה,32.6108382102629,35.3926587609917
סאג'ור,32.9412307037033,35.3446654467348
סולם,32.6066328769101,35.3346874044988
שזור,32.9324512252876,35.35240580667
עוזייר,32.7901663223751,35.3246279491559
אעבלין,32.8266691959109,35.1856652063498
עיילבון,32.8352532264158,35.4029207670705
עראבה,32.8511262987026,35.3387832215782
פסוטה,33.0480651866684,35.3101828763122
פקיעין (בוקייעה),32.9785941529072,35.3253682026895
פוריידיס,32.5979472313653,34.9528469712673
שעב,32.8909677333766,35.234681479329
רומאנה,32.7879424043081,35.3106361817979
ריחאנייה,33.0486789595391,35.4878095976552
ג'סר א-זרקא,32.5367284454697,34.9115106336638
ריינה,32.7215114777594,35.3086030332982
ראמה,32.938278392494,35.3667894119996
עין אל-אסד,32.9403436342972,35.3994053787488
גנות הדר,32.3199296372628,34.9001198250806
ניר בנים,31.671601395851,34.7551284458432
שדמה,31.8322965152278,34.7417751494645
בוסתן הגליל,32.9504148891396,35.0826803049436
בית אלעזרי,31.8444569650228,34.8032535255454
משמר דוד,31.8228510643206,34.9013553887679
רבדים,31.7720545852246,34.8164654879373
אזור,32.0228263959495,34.8079361878303
גבעת שמש,31.7752212758893,34.9515041658275
צרעה,31.7617686908908,34.9696856392017
מעונה,33.0172368219491,35.2619467040239
בית העמק,32.9707942122656,35.145081815942
מבקיעים,31.6213725985908,34.5742933914988
גשר הזיו,33.0410952342923,35.1101119490793
יסעור,32.9007546116096,35.1665048878938
כברי,33.0204069250232,35.1467394305892
יד בנימין,31.7977336506641,34.8220692086841
סאסא,33.0610613615012,35.4347327655351
כפר ראש הנקרה,33.0860412857772,35.1148025187687
"כרם מהר""ל",32.6462719782919,34.9900994691316
כפר הנגיד,31.886983782147,34.7490192212923
לביא,32.7869965267703,35.4526638210314
מגידו,32.5795358349447,35.1818167040513
סביון,32.046670504905,34.8779796665079
בני ראם,31.7699700902113,34.7909153575378
בצת,33.0706464728838,35.1344309382317
נווה אור,32.5879494552047,35.5528468209131
עשרת,31.8246073175886,34.7472840915756
ערוגות,31.7341942545464,34.7721470187629
צפרייה,32.003203181758,34.8559431175175
לוחמי הגיטאות,32.9622155823248,35.0979750878967
מלכייה,33.0978860756263,35.5109377163419
פלמחים,31.9319514174131,34.7073380630971
בית קמה,31.4462558551115,34.7612350797775
פרוד,32.9274038481003,35.4337660227598
נירים,31.33458787733,34.3961369639535
אלקוש,33.0333082502223,35.3237035340082
בית עריף,31.9957788720568,34.9344921787878
כפר שמאי,32.9566734272178,35.4570715152715
מזור,32.0521763840194,34.9252525835119
מירון,32.9905684471259,35.4430529998336
כפר חושן,33.0097278377809,35.4394739047759
סתרייה,31.8907320409537,34.8450582197527
צרופה,32.6487937148729,34.9478104029384
ציפורי,32.7473805297266,35.2785186811568
שומרה,33.0846402398813,35.2850415729613
קדרון,31.8154282182043,34.7959123081381
רינתיה,32.0443989014385,34.9280563998521
ברקאי,32.4751669378143,35.0292863549394
חדיד,31.9683688924703,34.9334118084142
ג'ש (גוש חלב),33.0225582711577,35.4467680943207
כפר יאסיף,32.9533943955395,35.162243159757
עין נקובא,31.7943693531156,35.1216679640719
עין מאהל,32.7220471181356,35.3526541951463
טמרה (יזרעאל),32.6345709645851,35.4041101301643
בית גמליאל,31.8572782117264,34.761322608684
זיקים,31.6083912674299,34.5217330622824
בני דרום,31.8204591590003,34.6926501952308
בית גוברין,31.6122589721762,34.8957741018792
משואות יצחק,31.7028726227964,34.6910775427782
עין צורים,31.6953773541279,34.7186103324409
ג'לג'וליה,32.1506960922544,34.9550560221171
גת,32.3991503975494,35.0378575976148
כפר ברא,32.1310763628142,34.970905233753
כפר קאסם,32.1145123561958,34.975985039267
מוקייבלה,32.5141621628612,35.29645167223
צנדלה,32.5228439840863,35.3224831153568
ערערה,32.5008377402292,35.0917791238782
ברטעה,32.4732907762766,35.0929806545534
זלפה,32.5492385488619,35.1855716578313
מוצמוץ,32.5442661161739,35.1551482426755
מועאוויה,32.5315507247546,35.1041219111686
סאלם,32.5433125791501,35.1986501433702
מושיירפה,32.5537135656405,35.1566393219416
מצר,32.4403305205332,35.048074381248
מייסר,32.4445045503112,35.042570076572
אבטין,32.7621152129938,35.1124881898283
כפר קרע,32.504855613382,35.0504676066697
שייח' דנון,32.9939889646303,35.1479966825718
שער אפרים,32.2894798827218,34.9979430473864
חוסן,32.9979576351467,35.2994071901162
טירת יהודה,32.0132256706288,34.9333545847644
כרם בן זמרה,33.0339861960275,35.4710273755546
תקומה,31.4514863783502,34.5804169902279
עומר,31.2685099917549,34.8459143424507
ברעם,33.0218007034776,35.3929923013942
מפלסים,31.5007795408582,34.5631319784657
משמר איילון,31.8717716116433,34.9447700109225
בית נקופה,31.8042383003577,35.1262631931283
לימן,33.0607147129996,35.1111291483957
הבונים,32.6408368926345,34.9331873063661
עין השלושה,31.3515144370782,34.4014865669292
הסוללים,32.7519610417178,35.2375603925082
מעגן,32.7062481798758,35.6006926517866
אביאל,32.5317175728932,34.9930895232425
אומץ,32.3698219694086,34.9949913454512
גבעת שמואל,32.0772067364573,34.8531216070731
אליקים,32.6320889340107,35.0674170420562
גבע כרמל,32.6630785183514,34.9575008067487
בניה,31.8428613730924,34.7521928252854
נווה ימין,32.1717140960313,34.9396323493517
עין איילה,32.6294299517662,34.9475732133313
עלמה,33.0518591410996,35.4999417625748
מגדים,32.7289704840775,34.9588888150623
כפר אחים,31.7444206791972,34.7564677757051
שפיר,31.6968086779423,34.7292275444358
"נתיב הל""ה",31.6881552212046,34.9819180156667
מעגן מיכאל,32.5563282493292,34.9156232243386
מגן,31.2982796081947,34.4290808669947
"כפר חב""ד",31.9900947639612,34.8500033636913
בארותיים,32.3215257708361,34.9850667365664
בורגתה,32.3246312050809,34.9624936334709
ניר ישראל,31.6874698393653,34.6361095939058
חצב,31.7806575783498,34.7699910328909
ארבל,32.8125428337556,35.4837547743518
האון,32.7251645347329,35.6218787428508
גבעת עוז,32.5554077281111,35.1984125864267
נחשונים,32.0611609889159,34.9484560800609
גיאה,31.6279954788273,34.6035053857416
כפר דניאל,31.9327370098517,34.9320360730018
עמקה,32.97897967585,35.1625426395805
תפרח,31.3256563084741,34.6769967107944
בית זית,31.7823758265033,35.1618897109992
עזריה,31.8893595398899,34.9102079088112
בן עמי,33.0058526919217,35.1236845063091
רעים,31.3855708715185,34.4604281661173
ארז,31.5600426959622,34.5667522205345
להבות חביבה,32.3950029811359,35.0095960945261
אייל,32.211018707818,34.9788434071656
חגור,32.1378840691607,34.9472400499329
ירחיב,32.1532187074198,34.968834096908
תל קציר,32.7052606451209,35.6176720526444
ניר גלים,31.8227365567108,34.6798700204974
שדה אילן,32.7467306853138,35.4238625132618
מגשימים,32.0467829931429,34.8986689542626
בית הגדי,31.4247814643576,34.6067829295251
הודייה,31.6755598145155,34.6416402474564
תלמי יחיאל,31.7539603023216,34.762112298237
משמר השבעה,32.0096256887819,34.8243087730242
אליפלט,32.9469262566594,35.5521871481349
מישר,31.8184635231829,34.7540129790608
משמר הירדן,33.0048641183031,35.5998709143452
גן יאשיה,32.3495465688768,34.9945404089755
רמות מאיר,31.8733307487448,34.8520758713634
גילת,31.3269313649727,34.6534389662977
עולש,32.3325325186588,34.9863316548873
דור,32.6072123919369,34.9258049370357
שדה עוזיהו,31.7574842859859,34.6764924209784
אשתאול,31.7815408761621,35.0087156492902
שואבה,31.7981130655785,35.0779804955811
מסילת ציון,31.802498582382,35.011173057706
כפר שמואל,31.889986192899,34.9323584315177
תלמי יפה,31.6157546202501,34.6173638979894
יראון,33.0773493511725,35.4546496521041
קלנסווה,32.2846309199719,34.9791750413551
עין א-סהלה,32.4905204099032,35.1168484711834
כפר טרומן,31.9804842622473,34.9238399445534
היוגב,32.6118692406558,35.2061512298538
גמזו,31.9282452037304,34.9408286819662
ברכיה,31.6696912952738,34.6257481333826
בית שקמה,31.6379448810636,34.6085365256113
מסלול,31.3233941426732,34.588854012338
פטיש,31.3268881043951,34.5594120793443
פדויים,31.3269501435309,34.6118474110405
בית מאיר,31.7941988463885,35.0368153561291
תעוז,31.8009229857184,34.9745721134332
ינוב,32.3070977356274,34.9499135307068
בית עזרא,31.7366123919987,34.6554898041993
מצליח,31.9058307454284,34.8745926963984
יד חנה,32.3256755418846,35.0065714510886
יציץ,31.8632247504799,34.861124948093
בן זכאי,31.8562763715819,34.7289138761664
שובה,31.4528495131434,34.544274350868
בטחה,31.3344101533115,34.6320996531001
שתולים,31.7736958158061,34.6839115126012
כפר מרדכי,31.8313302918222,34.755269808934
קוממיות,31.6623028703227,34.7302402547647
פורת,32.2770898104756,34.9513543870878
כרמייה,31.6041741399276,34.5421649127248
ניר עציון,32.7008014089138,34.991628232984
מבוא ביתר,31.7228639405306,35.1034733006537
אמונים,31.7434643661154,34.6759206692315
עמיקם,32.5634874744489,35.0209023171306
צוריאל,33.0085321648339,35.3120818848794
יד נתן,31.655135946565,34.7047271160365
מחסיה,31.7478115568747,35.007173141114
נחשון,31.8310669934684,34.9544357773479
תרום,31.7833093625221,34.9816717568279
עמינדב,31.7515573828264,35.1419120938139
אורה,31.7549060021027,35.1534919562931
אבן ספיר,31.7624021772043,35.1331832607224
בית נחמיה,31.9755371712822,34.9551982812436
אחיהוד,32.9070085445885,35.1846046682481
כפר זיתים,32.8095919684401,35.4612406764021
גבעת יערים,31.786630383641,35.0921345037146
זיתן,31.9756764251196,34.8901914762076
רנן,31.3378415043374,34.6010255603871
משען,31.6572699966761,34.6240053817388
נתיב השיירה,32.9938326328252,35.1360340358667
גבעתי,31.7326082075865,34.6798389006645
עגור,31.6968730162905,34.9127916189244
יערה,33.067551670849,35.1854485232692
צלפון,31.8046411525665,34.9314662000719
אחיעזר,31.9812090416225,34.8717744578061
יגל,31.9883071626564,34.8790958887335
זכריה,31.7097117385408,34.9448040775968
בית חנניה,32.5288636987665,34.9258715468082
חמד,32.0193328172804,34.8388924331897
"גבעת כ""ח",32.0300339740373,34.9361295628126
יושיביה,31.4430228432484,34.6092445172786
אחיסמך,31.9347587126772,34.90748170657
ישעי,31.7513440027013,34.9654955121489
עין יהב,30.6604962574798,35.2390836461982
חניאל,32.3330886553797,34.948236625063
ניר אליהו,32.1970121767417,34.9490047072014
נחם,31.7662119688783,35.0030153183227
עופר,32.6224687190724,34.981651268039
יכיני,31.482957779584,34.6000034975637
שלומי,33.0764120299681,35.1476387555821
עין יעקב,33.0115472850475,35.2275007397023
תלמים,31.5643767478287,34.6725893273764
זבדיאל,31.6589572833087,34.7602522177035
עזריקם,31.7512827059777,34.6972467018978
זרחיה,31.6815093300022,34.7460322950882
אביגדור,31.7097865969248,34.7435319392366
חלץ,31.5781106540852,34.6578787388127
אחוזם,31.5539690843566,34.7703682048354
מטע,31.7177360986417,35.0613508388682
בר גיורא,31.7295588555824,35.0715655646194
כוכב מיכאל,31.629453330672,34.6687631234396
נס הרים,31.7449244181413,35.0549058999297
עוזה,31.5926723932811,34.7642041255866
נווה מבטח,31.8054694726399,34.740462791802
ישרש,31.9148368136014,34.8458656980119
מבטחים,31.2399731723032,34.4084941626923
ירוחם,30.9884728303792,34.9305403882779
נורית,32.5417121143242,35.356621263983
גנות,32.0178575218523,34.8284944847478
עזריאל,32.2618404959068,34.970736742566
פדיה,31.8578222371245,34.8815414689476
פתחיה,31.8668849613985,34.8870574137571
כיסופים,31.37448865346,34.400233345567
אלישמע,32.1522136093114,34.9278974023981
געש,32.2298197791927,34.8283181666163
מרגליות,33.218272206791,35.5454954279447
נחל עוז,31.4723673101198,34.4976874735942
כפר עזה,31.4830447710776,34.5329801141481
שפר,32.9441919807361,35.4352085378395
בית רבן,31.8169378008708,34.729352990231
דבירה,31.4117692183955,34.8256298070343
אחיטוב,32.3877459743529,34.9907329746012
ניצני עוז,32.3054856672687,35.0041847193968
גונן,33.1227703339071,35.646198493974
גאליה,31.8848072698645,34.766183398679
רחוב,32.4512973567433,35.4889191763638
שעלבים,31.8712938093835,34.9836103232288
גורן,33.0573413464802,35.2352931181616
משגב דב,31.8203888318118,34.7394529241808
כפר אביב,31.8309826735415,34.7210191315354
נווה ירק,32.1349848674393,34.9244149881322
כסלון,31.7737434814002,35.0494240160694
שדה אליעזר,33.0453144552681,35.5633126881793
כפר מימון,31.4258942999881,34.5446052196157
מרכז שפירא,31.6970440545592,34.7082244142712
צוקי ים,32.3613394368957,34.8587311734649
גני הדר,31.878611036266,34.8538388701003
פורייה - כפר עבודה,32.717100310372,35.5458693432542
פורייה - נווה עובד,32.7432887647046,35.5375959255155
אומן,32.5633541742884,35.2423763796041
חבר,32.5477488608474,35.2643904284722
יודפת,32.8369047341607,35.2724025568354
צור הדסה,31.7165793097111,35.0950300022886
שריגים (לי-און),31.6773315114808,34.9350560749441
אביבים,33.0879437869772,35.4712894860213
אוהלו,32.7164492440945,35.5723094902833
אדרת,31.6603051948954,34.9949631850119
נאות הכיכר,30.9369001431087,35.3828645488803
אלמגור,32.9107369394233,35.6021970473846
מגדל העמק,32.6792611202173,35.2428940043982
מדרשת רופין,32.3417516493631,34.9121970946771
טובא-זנגרייה,32.9649387567136,35.5900674702848
גיזו,31.8049150811226,34.9385031191273
עין חצבה,30.7991181961777,35.251913984301
זמרת,31.4482081588094,34.5526619939539
גבעת שפירא,32.359321613618,34.8774759556361
מעלה גלבוע,32.4760580984334,35.4189540840505
מי עמי,32.5031071501897,35.1453499118998
גרופית,29.9388814562587,35.0659231464329
כפר רוזנואלד (זרעית),33.0989164446447,35.2879326469718
שניר,33.240411184459,35.6771661927352
ורדון,31.6642395569912,34.7816541165855
יד השמונה,31.8075893945425,35.0910341982172
צוחר,31.2374335303808,34.4235852065994
קריית יערים,31.8032353691539,35.0992861709854
יעד,32.8776646923299,35.2441396914511
כרמיאל,32.9136937281702,35.2976792442067
מבוא מודיעים,31.9339706504981,34.986864925018
נס עמים,32.9666999728968,35.1209411778997
אלומה,31.6518102553142,34.7439628709989
עלומים,31.4517749498002,34.5133533689666
נטועה,33.0646732871275,35.3274710787352
צור נתן,32.2404128460738,35.0026863716413
עזר,31.7368524625079,34.6708174461075
צופר,30.5597220563857,35.1810609023003
פארן,30.3657520026334,35.1534041955691
אשלים,30.969971765645,34.707008085694
מלכישוע,32.4381374257376,35.412781360016
מגן שאול,32.5212043769103,35.3075204642114
סמר,29.8317245817169,35.0228278812062
אחווה,31.7436691492962,34.7688588951704
יהל,30.0837197223047,35.1295061365554
שכניה,32.8483585216606,35.2472234209174
רהט,31.3927681489777,34.7559551556517
מורן,32.9195461240957,35.3948753711754
שילת,31.9180863988417,35.0189935498955
כפר רות,31.9097641468793,35.0305976011679
קיסריה,32.5065224907593,34.9071590363426
לוטם,32.8816234027397,35.3574085905084
תובל,32.9298800881723,35.2461575877853
לפידות,32.9609606147088,35.2656542622549
מנוף,32.8528177931828,35.2379001375129
ספיר,30.6077228025364,35.1882090239308
טללים,30.9928009828133,34.7721134083034
מורשת,32.8269510457844,35.2340894474928
קורנית,32.8440718983985,35.2521791679782
צביה,32.8898549484908,35.3310138638261
טל-אל,32.926782038426,35.1788033149761
אלון הגליל,32.759035458801,35.2202444600421
,32.6376429531899,35.0076786593711
,31.7323382456601,34.9996008075743
,32.7125228712665,35.1085415111881
,31.7621490071829,34.7945182899228
,32.552362691469,35.3080355524927
כליל,32.9803790118776,35.1995729973644
פלך,32.9331192839459,35.2324742759666
הושעיה,32.7581923058358,35.292092797342
עיר אובות,30.8096280011144,35.246448174063
אשחר,32.8837339173204,35.2984433948028
מצפה נטופה,32.8027967947396,35.3862236852055
בר יוחאי,32.9972976884084,35.441157692189
ערערה-בנגב,31.1553589492359,35.0222680479446
נאות סמדר,30.0496200303961,35.0272058089348
כרמים,31.3330679937265,34.9176941075088
יזרעם,31.4432135991203,34.5724978477281
שחר,31.6208325240177,34.7259348343238
תירוש,31.750588545022,34.8861267663893
"ניר ח""ן",31.609304293522,34.7146540970459
חצבה,30.7678425673084,35.2800572876859
נועם,31.56791719892,34.7883263905937
בית ניר,31.6473272863412,34.8742789389982
שדה משה,31.6099867872568,34.8086613513374
אמציה,31.5334449448611,34.913566635215
לכיש,31.5641403209608,34.8414581270788
ראש פינה,32.969049172077,35.5431852228611
שדות מיכה,31.721046155221,34.9206589202089
מזכרת בתיה,31.8512836779508,34.8425939777946
יסוד המעלה,33.0567076750151,35.6020494500731
אופקים,31.3109206059485,34.621615510895
עוצם,31.6369843961327,34.7043991033713
בת שלמה,32.6003803690413,35.0034050657173
גדות,33.0179290809031,35.6198310434571
שדה דוד,31.575600241656,34.6833699966153
איתן,31.5724058969144,34.7480313603577
גפן,31.7407957749769,34.8785344875929
אליכין,32.407648019184,34.9248202981535
מטולה,33.2806287803725,35.5750122111836
זוהר,31.5958829395265,34.6925284880517
יבנאל,32.7093858626029,35.5006145763883
כפר תבור,32.6882146170329,35.4211049294225
מנחמיה,32.6665926035399,35.5551858064498
אילנייה,32.7545248693895,35.4065401029913
גבעת עדה,32.5194076303908,35.0052103995176
לוזית,31.6868100985205,34.8867412008268
עתלית,32.6963368357299,34.944733309606
נוגה,31.6237120025305,34.6938654897802
כנרת (קבוצה),32.713275057692,35.5652145485138
מצפה,32.7902056513416,35.5091129194842
אילות,29.580424192053,34.9632791748112
בכורה,32.4474597118314,35.483698267231
ידידה,31.8118899456434,35.1041026317655
כישור,32.9455755877243,35.2495729689736
בית רימון,32.7826478927977,35.3299534595892
עידן,30.80369620625,35.2987067095862
,32.7168143393933,35.0643919743613
מתת,33.0404756650932,35.3580442306532
נחושה,31.6299073867917,34.9550996255546
דגניה א',32.7077219177757,35.5747130848452
כנרת (מושבה),32.7222009513285,35.564099719855
מגדל,32.8364197035404,35.5076459794958
מרחביה (קיבוץ),32.6059887322834,35.3081840911224
אור הנר,31.5564399231478,34.601782535665
ניר עוז,31.3123396071696,34.4019872621404
אשדוד,31.7942589503104,34.6474810846448
אשבול,31.4460590817212,34.6671186434568
גן שמואל,32.4488877670904,34.9516200789245
עין הוד,32.6999560502852,34.9826449453267
כפר גלעדי,33.2420451796741,35.5759410212681
איילת השחר,33.0225697014741,35.5787061580177
דגניה ב',32.7000246037536,35.5755076930788
נהלל,32.6901735045225,35.1934491141534
עין חרוד (מאוחד),32.5574728433318,35.3904345553464
תל יוסף,32.555492119973,35.3997614526944
כפר יחזקאל,32.5666582594872,35.3587997989915
גבע,32.5664069809015,35.3729836071763
כרם בן שמן,31.9578041979648,34.9369891103942
עין חרוד (איחוד),32.5649434059759,35.3905092004821
גיניגר,32.6637967806854,35.25936262878
בלפוריה,32.6300163095126,35.2966196515124
בית אלפא,32.517196388536,35.4323083333256
יגור,32.7431550395012,35.0759152320947
מרחביה (מושב),32.6048833563272,35.3172103672947
"כפר מל""ל",32.1674615165869,34.894408420039
מצפה רמון,30.6156660732947,34.8020971073353
תל עדשים,32.6581558437489,35.3025878517703
מזרע,32.6509460340494,35.2872590141682
כפר גדעון,32.6440801296581,35.2911700462898
אדירים,32.5492113171711,35.2726426354327
חופית,32.3854543958904,34.8743687168218
רמת ישי,32.7034265887494,35.1656936494975
שריד,32.6613269845035,35.224381035268
רמת רחל,31.7398880381454,35.2203176179227
גת רימון,32.0687547749448,34.8830119727521
משמר העמק,32.6095180250762,35.1446796207566
כפר ברוך,32.6466607745819,35.1902298295973
גבת,32.6747332404234,35.2127876116528
יפעת,32.6782030086757,35.2241223791126
רמת דוד,32.6784793596246,35.2024264700387
עין שמר,32.4567314175908,35.009339657346
כפר יהושע,32.6813175789807,35.1528616720449
ברק,32.5428164528076,35.2648954171697
שדה יעקב,32.6976317272219,35.1405911454013
בית זרע,32.6891727147844,35.5732808414044
גן שלמה,31.8782299849793,34.7982794044266
גדיש,32.5588004539709,35.2453026133997
דבורה,32.5531760643301,35.2634027178084
גבעת ברנר,31.8659121575787,34.8012159419704
תל מונד,32.2524780722119,34.9151325879557
באר טוביה,31.7319255456706,34.7198761417611
עיינות,31.9171445017949,34.7683391479435
עין ורד,32.2643420204664,34.9315494622261
נען,31.8834255645238,34.85518344142
בית חנן,31.9342947971899,34.7726837719821
חולדה,31.8306542289563,34.882551948767
חירות,32.2397972354503,34.9162576895031
תימורים,31.7161627201751,34.7603339196253
מלאה,32.5637821912034,35.2367462015645
ניר יפה,32.5701626459783,35.2465120999689
גן יבנה,31.7902028408446,34.7096981376121
עין החורש,32.3860699750353,34.9399862775343
כפר יונה,32.3161965920554,34.9291162368181
כפר יעבץ,32.2750113528617,34.9653939451068
פרדסייה,32.3058484537981,34.9099800817544
גבעת חיים (מאוחד),32.391142072497,34.9314616266011
נטעים,31.9416257688218,34.7727701668468
אביחיל,32.3500606744565,34.8721894251528
אפיקים,32.6803746712415,35.5780858913865
"כפר ביל""ו",31.8729562686329,34.8260502606689
רמת יוחנן,32.7926068167872,35.1223650831166
"כפר אז""ר",32.0591544266503,34.8408252246084
אבן יהודה,32.2681554507264,34.8837267597359
ירקונה,32.1473677824098,34.9003923306742
רמת הכובש,32.2178557021124,34.938481837438
נעורים,32.3721339215514,34.8616435339276
כפר הס,32.2487606741771,34.9382605614768
אשדות יעקב (מאוחד),32.6654383451796,35.5820370093648
כפר פינס,32.4844394503506,35.002134851379
כפר ויתקין,32.382542455994,34.8834986538535
הדר עם,32.3495265294773,34.8998106348167
כפר החורש,32.7014856316068,35.2733659043254
כפר חיים,32.3552752148815,34.8995224386479
משמר השרון,32.3551497691192,34.9198036869465
צורן-קדימה,32.2794743079684,34.9110503170339
גיבתון,31.8887284219986,34.7999441442791
מעברות,32.3635735845104,34.9051487540213
צופית,32.1923814923798,34.9225253023794
אשדות יעקב (איחוד),32.6596070626068,35.5797428575391
בית ינאי,32.37989648964,34.8633449667302
בית עובד,31.9238110631908,34.7699205335148
אלישיב,32.3790250675002,34.9094099965647
חגלה,32.3865424630509,34.9256763062052
רמות השבים,32.1625063974889,34.877482934162
"יד רמב""ם",31.9005442361631,34.9015269152095
קריית ענבים,31.8110403064813,35.1196777834943
חפצי-בה,32.5194389952897,35.4247426099312
מאיר שפיה,32.5911722032626,34.9700850000959
"גבעת ח""ן",32.1677080515159,34.8720949535893
משמרות,32.487214991344,34.9837383224816
"כפר הרא""ה",32.3900803604685,34.911122537757
גני עם,32.1516602445248,34.9018011582094
חיבת ציון,32.3971785127987,34.9150469906744
כפר ביאליק,32.8206861138319,35.086816460454
עין עירון,32.4828289148207,35.0120306286079
שושנת העמקים,32.3540698468486,34.8570147291453
גן השומרון,32.4630049182359,35.0011407936826
גני תקווה,32.0612517098483,34.874408224472
שפיים,32.2198488401718,34.8273274931892
ביצרון,31.7956417051516,34.7302265429624
,29.7093192172028,34.9851489536356
,32.7185221654713,34.9700739527419
חבצלת השרון,32.3603971288218,34.8626209629788
שער העמקים,32.7227173180561,35.1129733660718
גן חיים,32.1952242009835,34.9059061751527
יקנעם עילית,32.6518274987587,35.0980718420206
יקנעם (מושבה),32.6570047678951,35.1149978329702
בית השיטה,32.5498922210111,35.4385649884138
נתיבות,31.4215145692611,34.5883221528104
רשפון,32.2004250530471,34.8244101426505
בית שערים,32.6957640570082,35.1775517364173
כפר סירקין,32.0765594171933,34.9249406877095
הזורע,32.643193986568,35.1206079986408
ביתן אהרן,32.3645169227353,34.8706625856925
חולתה,33.0514754139253,35.6100718196572
כפר המכבי,32.779251476002,35.1271320506393
כפר חיטים,32.8024884329019,35.5036908058779
ניר דוד (תל עמל),32.5046252529312,35.4558902976759
נופך,32.043399140475,34.9206033047768
שדה נחום,32.5252904474236,35.4817408700934
גינוסר,32.8716174584572,35.5509727151418
מסדה,32.6829618028381,35.5984982606787
שער הגולן,32.6871786029816,35.6037856185165
בית יוסף,32.5592817179514,35.5507272692369
כפר שמריהו,32.1859159566037,34.824840594277
טירת צבי,32.4216428718719,35.5285838815248
מולדת,32.5858271174244,35.4417299967615
עין השופט,32.5956607859085,35.1004478560868
מעוז חיים,32.493090412698,35.551154165254
עין גב,32.7778898076879,35.6409444124432
כפר מנחם,31.7323360156219,34.8341984828703
צור משה,32.297504406842,34.9149458848461
אושה,32.7959136224662,35.114092264205
חניתה,33.0878083696914,35.1740038985249
פקיעין חדשה,32.9835423897371,35.3228501183434
שדה ורבורג,32.206844023286,34.9032318839371
אלונים,32.7164087125975,35.1471997270603
מעלה החמישה,31.817611767228,35.1116783921925
תל יצחק,32.2458215279446,34.8753804086333
בית יהושע,32.2602015745597,34.8639930165449
עין המפרץ,32.9063861302471,35.1033637086854
מעיין צבי,32.5761573978494,34.9281967456841
שרונה,32.7266294233852,35.4666976675655
שדה יואב,31.6432370112415,34.6814621569258
כפר רופין,32.4586454301834,35.5557888360898
נווה איתן,32.4918605104732,35.5322384881447
כפר מסריק,32.8866009615786,35.1000029678799
מסילות,32.4952422539179,35.4744077824208
דלייה,32.5894131747549,35.0746442851613
בית עוזיאל,31.8711841407628,34.9029306186302
דן,33.2401379796827,35.6530690332418
שדה אליהו,32.4409776846243,35.5140911220957
גשר,32.6198849297677,35.5511349207223
שדמות דבורה,32.6966442835408,35.4355229190805
הזורעים,32.7464613382985,35.5021498652239
מחניים,32.9897991524289,35.5702846944292
נהורה,31.6228257444493,34.7051875232627
נווה ים,32.6795162622958,34.9309042730057
אפק,32.8395937165841,35.127809767251
נגבה,31.6616945540274,34.6829576574642
כפר נטר,32.2758213063688,34.8718871332306
בית אורן,32.7316407579841,35.0052180006301
עמיעוז,31.2485363282822,34.4134635950524
עמיר,33.1775299735473,35.6211811199685
כפר ורבורג,31.7193552512602,34.725469335144
שאר ישוב,33.2261703474784,35.6465037626833
מצובה,33.0625354893554,35.1575329605201
בית יצחק-שער חפר,32.3339016548915,34.8908361119827
שדות ים,32.4906251448126,34.8925450906406
שדה נחמיה,33.1869043088628,35.6235602746385
אלומות,32.7072328989523,35.5453968840036
ניר צבי,31.9527789082488,34.8630417143898
קבוצת יבנה,31.8148576368156,34.7197716945866
רמת השופט,32.6108450578184,35.0932131126187
דורות,31.5058905284427,34.6460483883807
גת (קיבוץ),31.6277822889825,34.795532379848
גברעם,31.5918907496958,34.6129152708772
חמדיה,32.5156013233673,35.5274959062865
מענית,32.458033314633,35.0261701022439
כפר סאלד,33.1945816742121,35.6571596760127
מוצא עילית,31.7939161053594,35.1574684026191
כפר ידידיה,32.3453795550258,34.8994554455165
שבי ציון,32.9801768978289,35.0830322963124
אילון,33.0634067557363,35.2181411416673
דפנה,33.2299349188957,35.6383027037153
כפר גליקסון,32.5058715224834,35.0050270741046
בית הלל,33.2088659729107,35.6052257085794
רמת צבי,32.5906880413974,35.4132857430126
מנרה,33.1951999649362,35.5446313644625
ניר עם,31.518278844234,34.5856663435354
גבולות,31.2104320111343,34.4658225349393
בית זיד,32.7016272979776,35.1153900887033
רביבים,31.0430133319412,34.7213171629074
חורשים,32.1383448878137,34.9706103023955
הגושרים,33.2221781059399,35.620386463496
כפר בלום,33.1721930313272,35.609874662298
יד מרדכי,31.5882871710773,34.5580126631982
ניצנים,31.7153822354376,34.6355454164795
"גבעת ניל""י",32.5476941332393,35.040968816354
חפץ חיים,31.7897349129934,34.7977849330202
כפר אוריה,31.7935927464467,34.9470567654573
בית קשת,32.71586794619,35.3966658658581
שמיר,33.1645541949292,35.660022882182
בירייה,32.9787650298509,35.4997026840745
גלעד (אבן יצחק),32.556750947101,35.0767901674687
גזר,31.8757742730513,34.9161966706597
רמות נפתלי,33.1006859127707,35.5527384988286
בית הלוי,32.3536725196856,34.931855328732
חוקוק,32.8780445765788,35.4967482263183
מגל,32.3855536797851,35.0352251396884
המעפיל,32.3778897922465,34.9833284248064
משגב עם,33.2467781298562,35.5490589080109
גאולים,32.298924742663,34.9446292716953
להבות הבשן,33.1413893790951,35.6459032620678
"עין הנצי""ב",32.469836801495,35.5023750519067
עמיעד,32.9271028681625,35.5409823671333
בני דרור,32.2610809742455,34.9004891686919
כפר מונש,32.3478877713615,34.9158762835329
כפר קיש,32.6667303095108,35.4490434870455
בצרה,32.2134450386002,34.8795285539444
קדמה,31.7014495452444,34.7759804084867
גלאון,31.6333033603626,34.8478787639485
שובל,31.4128093707006,34.7397197584271
משמר הנגב,31.3639166531686,34.7189551948942
חצרים,31.2392065608708,34.7068050443686
שרשרת,31.4043337373157,34.6036486405306
בארי,31.4242516630585,34.4914586907824
אבן שמואל,31.5757090097259,34.7630090211439
ניר יצחק,31.2371730523064,34.3575530119167
אורים,31.3045488948524,34.5237830127538
נווה אילן,31.8078567353952,35.0813114789491
חצור-אשדוד,31.7721414661648,34.720435353603
דברת,32.6463342683507,35.3495214499062
יחיעם,32.9963171981012,35.2203916033903
צאלים,31.2035924488768,34.5348305860159
קלחים,31.4477052813605,34.6775978162452
שוקדה,31.4225943489669,34.5243591124231
מעיין ברוך,33.2392855330644,35.6074523377626
יקום,32.2479446969811,34.8420234074142
בני ציון,32.2202174575812,34.8708570055523
סעד,31.4704081407144,34.5353164623017
חרב לאת,32.4013426784984,34.9143717687832
העוגן,32.3623505054384,34.9238139974631
גבים,31.5070716799497,34.5983280083987
,31.9451638506017,34.7606108335129
,32.6291652719765,35.0849884061862
,32.9934660713257,35.1027006352166
,32.9764981388387,35.0988083593693
משמרת,32.2280589228894,34.9207413309131
כפר גלים,32.7664624685207,34.9585714332399
ברור חיל,31.557740076737,34.6452481905642
אלוני אבא,32.729923846133,35.1719603164825
בית לחם הגלילית,32.7342324336134,35.1918900221191
דלתון,33.0167941855292,35.4871170862823
שמרת,32.9506321470426,35.0955457532909
נחשולים,32.6135305913809,34.9206735076658
החותרים,32.7517609510072,34.9571077936874
עין דור,32.6408861481859,35.3773421290894
רשפים,32.4810653105515,35.4767785926352
שלוחות,32.4718319564111,35.4811856461116
יסודות,31.8155197609236,34.8549629450276
גדעונה,32.5490229134913,35.3588203636087
כפר הנשיא,32.9744126634863,35.6034053754669
רגבים,32.5237167747251,35.0326983131049
אודים,32.2659554146433,34.848300919847
נורדייה,32.3128161548454,34.8972131067924
בני עטרות,32.0241341155092,34.9137448127603
נחלים,32.0582380222144,34.9118990113877
בארות יצחק,32.041360435708,34.9102338895577
יזרעאל,32.5612966090805,35.3216477033347
יפתח,33.1270831380906,35.5513884321568
סער,33.02882156864,35.1095985736071
שורש,31.7964549195798,35.0658803160391
גזית,32.6376280475035,35.4470913574433
רמת רזיאל,31.7739262816206,35.0731639232652
טל שחר,31.8057609237066,34.9034994611792
געתון,33.0069759929393,35.2031856565896
הראל,31.8097210270934,34.9517473315486
ניצן,31.7401904054855,34.6296536745957
רוחמה,31.4969223275224,34.7050152248365
כדורי,32.702577976374,35.4072744432932
מכמורת,32.4055801483006,34.8719315962654
נבטים,31.2234411183385,34.8825492638709
נאות מרדכי,33.1599246830222,35.5972466824921
משאבי שדה,31.0049170720062,34.7860293667634
עין כרמל,32.6770680600378,34.9557826454148
נצר סרני,31.9230524189409,34.824653105198
רמות מנשה,32.5968349178905,35.0561025624981
בית דגן,31.9998042837246,34.8300186277671
קריית עקרון,31.8616609996963,34.8217260421028
אבו גוש,31.8059875474468,35.1101732080424
אבו סנאן,32.9609034589366,35.1688825664372
דחי,32.6212106227318,35.3442450029349
אכסאל,32.6819846076728,35.3247867972982
בית ג'ן,32.9650525315362,35.3775963930429
מגאר,32.8879682172206,35.404286711282
בועיינה-נוג'ידאת,32.8082980666852,35.3693131822592
בענה,32.9288508740297,35.2748176208187
ג'ולס,32.9413093427507,35.180769663221
יבנה,31.8792010954555,34.736532899412
אום אל-פחם,32.5221042907081,35.1507488171196
טירה,32.2332801750201,34.956412353154
טייבה,32.2663687686993,35.0103056942728
קריית שמונה,33.2111850687319,35.5760003729578
כפר עציון,31.6494564764438,35.1154518367526
נתיב הגדוד,31.9882641013476,35.445541157435
אלמוג,31.7876896557957,35.4617354973894
קדומים,32.2176547692447,35.1607864152912
תומר,32.0168604073973,35.4419760942211
אלקנה,32.1121895627598,35.0351498943611
מגדל עוז,31.6392652826113,35.1434926279978
כוכב השחר,31.9588427968822,35.3489969855895
רימונים,31.9339378582158,35.3407230254133
יפית,32.0622367552441,35.4729708091961
סלעית,32.2426600779713,35.0500180668197
ריחן,32.4687364873587,35.137841532336
מבוא דותן,32.4201878378145,35.1754753772012
אריאל,32.1046683767868,35.1918036064754
שבי שומרון,32.2634193209519,35.1854658267416
חלמיש,32.0059588210909,35.1255576199704
בית אל,31.9412216772716,35.2246294915031
בית חורון,31.8767773828285,35.1285213507898
מצפה יריחו,31.8156914263531,35.3940281902534
שדמות מחולה,32.345986155821,35.5347543600197
אלון מורה,32.2326292607707,35.3330191184913
ארגמן,32.1725916094397,35.5218839879955
מחולה,32.3687095923074,35.5165900173996
ראש צורים,31.6674223665493,35.124058063517
הר גילה,31.7232250482057,35.1685469232155
אלון שבות,31.655550755573,35.1246303214891
משואה,32.1135042598315,35.4920549890266
גלגל,31.9997135180563,35.4475488497242
"ייט""ב",31.9485646764332,35.4228931769277
מעלה אפרים,32.0699249223567,35.4050291984005
מצפה שלם,31.566984941054,35.4019762183429
קריית ארבע,31.5379582905007,35.1210411840919
בקעות,32.2424616883862,35.4551317019354
גיתית,32.1035697570775,35.3962690457281
מכורה,32.161702663606,35.4235329252248
פצאל,32.0447391527838,35.4436103460349
מעלה אדומים,31.784153326806,35.3135308325949
עפרה,31.9530229866808,35.2617256061772
אלעזר,31.6614927256079,35.14115378791
רועי,32.2482504391204,35.4837765466884
נירן,31.9684274228709,35.458543921558
מעלה שומרון,32.1661288988337,35.0704603808554
כפר אדומים,31.8210471068954,35.3401751885498
ורד יריחו,31.8269134544887,35.4316343740996
קרני שומרון,32.172087653845,35.0957060395961
שילה,32.0534658177211,35.2974903286376
חמש,32.309947243762,35.1937508815737
חיננית,32.4813337276782,35.1661494654959
גבעון החדשה,31.8471420140123,35.1595614991019
בית הערבה,31.808003672781,35.4810904698189
חמדת,32.2511906894964,35.5265807462108
יקיר,32.1494813155293,35.1147150212105
מתתיהו,31.9290276048079,35.0317289773119
שקד,32.4740270702689,35.172647418162
אפרתה,31.661172127047,35.1560980797444
מעלה מכמש,31.8796839918963,35.3067436792712
בית אריה,32.0362764484732,35.0514543730593
מעלה עמוס,31.5964019836801,35.2298719432964
ברקן,32.1068919605963,35.1130979903866
כרמל,31.4323504815007,35.1852880604686
מעון,31.4135760796574,35.1648024188928
עטרת,32.0003454869292,35.1764543553082
פסגות,31.8988052454075,35.2247767693017
עמנואל,32.1617804298876,35.1395063257243
מבוא חורון,31.8477186555066,35.0375917947966
ברכה,32.192862251467,35.2653107975419
שא-נור,32.3370364057245,35.2018221689535
ענב,32.286043542244,35.1273501493615
נעמי,31.9099865454987,35.4664317828179
עלמון,31.8288614633328,35.2939728907614
חרמש,32.423628463804,35.1187324052976
נחל אלישע,31.9103988557657,35.4788956730605
תלם,31.5642741122839,35.0311653566191
שערי תקווה,32.1228195612786,35.0264949792554
נחל דורן,31.5219338062763,34.9922224326856
אשכולות,31.391044308248,34.9049700545761
פני חבר,31.4858232074356,35.1654484443815
צובה,31.7842262313406,35.1197238533964
"בית ג,מאל",31.7235266769233,34.9764306270667
ירושלים,31.7797373515185,35.2095537973513
תקוע,31.6525179215794,35.2292025298402
כפר תפוח,32.1195192431569,35.2498439816059
קליה,31.7507076712307,35.4671301037362
חמרה,32.1988714726417,35.4353817540106
נגוהות,31.4934128380724,34.9829748057141
נווה דניאל,31.6784067721609,35.1429729666585
עלי זהב,32.0713043897987,35.0658497786051
נחל גנת,32.4746468631914,35.2736544968299
כדים,32.4499175982969,35.3189713542245
גבעת זאב,31.858493765054,35.1656659370215
טנא,31.3755456316807,34.9574895484221
מצדות יהודה,31.3640484349344,35.1126396433388
קריית נטפים,32.1168819320544,35.1122625660482
דולב,31.9263765038556,35.1331932397876
יצהר,32.1694185403686,35.2349935622397
אלפי מנשה,32.171446587352,35.0142997663591
מגדלים,32.0901500749749,35.3422169470264
מעלה לבונה,32.0547802342172,35.2403671071889
אספר,31.586884094218,35.1916674907193
סוסיה,31.3917867747292,35.1142734590137
גנים,32.449680150601,35.3371925287929
אדורה,31.5523415539974,35.0178890723704
איתמר,32.1741861500226,35.3075938147067
גבע בנימין,31.8498314104474,35.2757472550842
חגי,31.4929077738911,35.0801497591078
עלי,32.0745910980758,35.2725755687025
כרמי צור,31.6086927013804,35.1001259524489
נחליאל,31.9739638444131,35.1402022661801
פדואל,32.0617944722459,35.0519774997221
הר אדר,31.8267821469408,35.1294735771613
חשמונאים,31.9312870460965,35.023793046998
כוכב יעקב,31.8807419229425,35.2435592628371
ביתר עילית,31.6983241284532,35.1131567864253
קדר,31.753215598294,35.3100501229743
רותם,32.3363929319898,35.5190038015078
"נח""ל גבעות",31.6792881649356,35.1012277149202
שמעה,31.3876157264699,35.0125477323657
משכיות,32.3172604879562,35.5025491775087
אבנת,31.6791298377203,35.4359261901024
נעלה,31.962902056585,35.064275260857
טלמון,31.9376600136578,35.1365363294072
נופים,32.1547256585637,35.1022239881352
צופים,32.1980719969495,35.0090897333034
עפרים,32.0185922097489,35.0447572164859
אבני חפץ,32.2861483318108,35.0721210176077
בת עין,31.6587285386994,35.1002507428568
רבבה,32.118690156817,35.1283272133932
כפר האורנים,31.9189745001842,35.0380859182
מודיעין עילית,31.9317166488715,35.040973830062
חיפה,32.8017710428658,35.0006092323101
בוקעאתא,33.2003413282344,35.7806971320124
אלי-עד,32.8016083410442,35.7260579645221
אל -רום,33.1789154814377,35.7715690241185
כפר חרוב,32.7614078209951,35.6634988497111
חספין,32.8452796887541,35.7936022145077
קשת,32.9775837749938,35.810035006734
יונתן,32.9365731729008,35.7937972555538
מעלה גמלא,32.8827787462162,35.6829436837783
שעל,33.11488659177,35.7187724290483
אודם,33.1932083927853,35.7499864440501
אבני איתן,32.8234782501818,35.7651825825161
אניעם,32.9576226104042,35.7406029092391
אורטל,33.084667906098,35.7616628827372
נטור,32.8530058627115,35.7534737178332
בני יהודה,32.7940689655838,35.6856126043891
אלוני הבשן,33.0438640133956,35.8405329910108
מיצר,32.7660798454693,35.7357790292538
גבעת יואב,32.7987533935232,35.6815802324952
גשור,32.8120081976049,35.7086093805973
נחל נמרוד,33.2453986858184,35.7514229429998
קלע,33.1473537713132,35.6984242590694
קדמת צבי,33.0278186053297,35.6993028114926
חד-נס,32.9312508505454,35.6393518612002
כנף,32.8707875764155,35.7021026549478
קצרין,32.9908231396224,35.6906617343756
מרום גולן,33.1320993239452,35.7800583426379
מג'דל שמס,33.2663894919121,35.7687455093058
מסעדה,33.2316850296798,35.755753722384
מבוא חמה,32.7358968294389,35.6551556835132
אפיק,32.7779099204115,35.7040188041353
"נווה אטי""ב",33.2619811073631,35.7419395794066
נוב,32.8324402837954,35.7832475325935
עין קנייא,33.2364269094911,35.7313431555259
עין זיוון,33.0954866693974,35.7950221876258
נאות גולן,32.7856527354423,35.6907324912361
רמת מגשימים,32.8465560725941,35.8096091362504
רמות,32.8519405029738,35.6607533505223
תל אביב -יפו,32.079111742506,34.7773256565267
ניסנית,31.5616632537535,34.5313658842301
אלי סיני,31.5834371816514,34.5035403512242
דוגית,31.5729183134163,34.4896210475072
באקה-ג'ת,32.4159778312707,35.0382458430941
בני ברק,32.0870717965726,34.8352524728924
בת ים,32.0140490202682,34.7490139949503
גבעתיים,32.0702937421117,34.8104260937044
הרצלייה,32.1690171819808,34.8350674563174
חדרה,32.4388994356023,34.9211660804115
חולון,32.0106506218226,34.7833441053023
טבריה,32.7872251728776,35.5258096675475
קריית אתא,32.8038722087283,35.1023631990464
נוקדים,31.6476348909394,35.2488508963343
עתניאל,31.4391895623456,35.0302096835927
אורנית,32.1300915379732,34.9922616783354
עץ אפרים,32.119468183467,35.0464129808652
לוד,31.9510159491642,34.8878905419058
אשקלון,31.666683704746,34.5704978517792
נס ציונה,31.9294278705267,34.8022320180219
נצרת,32.700203481414,35.2930335214825
נתניה,32.3127665593843,34.8559201938976
סח'נין,32.8652698633057,35.3006292416673
עכו,32.9274901839206,35.0894899010254
עפולה,32.6145169978149,35.3054402112918
פרדס חנה-כרכור,32.4730177592211,34.9640517867819
פתח תקווה,32.0877456175324,34.8834021188359
קריית מוצקין,32.8385733820644,35.0801550995188
ראשון לציון,31.9721444546851,34.7876397026137
רחובות,31.8958574209932,34.8098187056299
רמלה,31.9305909400411,34.8695625602016
רמת גן,32.0679864461212,34.8278125943047
רעננה,32.1877650430217,34.8736855281102
שפרעם,32.8054326952889,35.1720345968662
טמרה,32.8551384849971,35.1950352228666
באר שבע,31.2566891499039,34.7864086217959
נהרייה,33.0122172964351,35.094919120554
בית שאן,32.4940420840783,35.4971249981867
זכרון יעקב,32.5666910236951,34.9518734692684
יהוד,32.0307643027728,34.8902140111042
קריית ביאליק,32.8349858179083,35.091881143516
קריית ים,32.8486593291993,35.0718596373102
הוד השרון,32.1542831051446,34.8860334477129
בנימינה,32.5262480122419,34.9466903193139
,30.4892431250691,35.1688107617938
,30.1769737244463,35.0164271296272
,31.6213930558885,34.92502004855
,31.140545966256,34.9630757462278
,31.3442933236106,34.7379797994889
,31.2848250224294,34.9143093366669
,31.2555291909444,34.9729575026061
,32.3602335334974,34.8719351966452
,31.7359776264836,34.6369950143379
,31.3254047713037,34.6972714746624
,32.2048636749726,35.1132490156924
,32.4094560978901,35.0677163379388
,32.1808696105651,35.250208055037
,31.5691678670399,35.0679011042464
,32.2619928360642,35.131028128241
,31.8695314529134,35.0652904947072
,31.7010980579303,35.226296128599
,31.8880671045741,35.0460823421191
,31.511075636862,34.9621592355547
,31.4499054157229,35.049796719738
,31.6245500514519,35.157736705341
,32.181343360691,35.3360317958531
,32.4727690849513,35.361870151085
,32.1391275147082,35.2750350012726
,32.1447752439078,35.2905534780187
,31.9272703272469,35.2399779326624
,31.9742126460784,35.118634717313
,32.2068632075974,35.2910536178834
,32.3345237264013,35.1151215941066
,31.92892137928,35.0715307129162
,31.5199520801719,35.1558868893377
,32.3864280401214,35.4791757872902
,31.9872063689866,35.1748846236159
,32.0736239795473,35.0990591405731
,32.453871989829,35.2600572567416
,32.3363027674522,35.3038017650054
,32.1014245178067,35.3222342497951
,31.9973341529852,35.1614876125991
,31.9632090266386,35.0473624458344
,31.5431760382561,34.5022820053785
,31.3422025241114,34.3349980251532
,31.4024635808176,34.3574342324629
,31.3082716800782,34.2874212343629
,31.4798993951043,34.4144397564141
,31.380442973146,34.3206516814782
,31.374899628503,34.3130100674391
,31.3737108440967,34.3013674796
,31.32227291545,34.2510362732904
,31.3528282331357,34.2763973180155
,31.3435008072498,34.2758419655475
,31.3370214052805,34.2584749502058
,31.3296823556026,34.2558622722319
,31.3152954456897,34.233299831965
,31.3220811620933,34.2383209975613
עדי,32.7826706124181,35.1737087839441
מודיעין-מכבים-רעות,31.898644349582,35.0138541180938
כמון,32.9120635510798,35.3597844065937
מכמנים,32.9071487533659,35.3297171884432
הררית,32.8458993418305,35.3657205997377
גילון,32.9037691915094,35.2359258887086
מנות,33.0385416336405,35.1968063206877
גיתה,32.9671331744096,35.2504280039523
לבון,32.9423657575668,35.2869189181751
הילה,33.0358653201789,35.244024198473
חרשים,32.9566996228096,35.3281703305433
כחל,32.8922745207836,35.5095340646248
קדרים,32.8982516805381,35.4750477361747
עמוקה,32.9976276275833,35.524763611625
צבעון,33.0259774246965,35.417520991408
טפחות,32.8705512989052,35.430924960326
גורנות הגליל,33.0599030013408,35.2496060857549
כפר סבא,32.1774457419886,34.9176906120154
צפת,32.9665706122801,35.5015510285546
אבירים,33.0383378145671,35.2871308519849
צורית,32.9028553582769,35.2520391541979
"מצפה אבי""ב",32.8366486510997,35.2004506001257
שדי אברהם,31.2122236079692,34.3363648979198
כוכב יאיר,32.22125819578,34.9947085902823
רביד,32.8504534374134,35.4638467181075
יובלים,32.878117620704,35.2704924643973
יתד,31.2068743283097,34.3268236110405
כלנית,32.874415403954,35.4584409768549
לבנים,32.8638477951073,35.4924687348296
פרי גן,31.2216243468418,34.3558643044746
יבול,31.1891608838456,34.319605871723
שורשים,32.8931641803065,35.2590721324536
נירית,32.1464986447042,34.9849525306448
תלמי יוסף,31.1999365961183,34.3611190161583
סופה,31.2371732529403,34.3422119778771
חולית,31.2302878300587,34.3256238312669
עין הבשור,31.2814437109395,34.449364726552
דקל,31.1948076054199,34.3477491564614
נתיב העשרה,31.5674760945571,34.5410312353706
סלמה,32.8940297802439,35.3622353735761
עראמשה,33.0974849753672,35.2211771909793
קציר-חריש,32.4715393486099,35.071785278197
אליפז,29.7942817822257,35.0117556560605
הרדוף,32.7635357424719,35.1742688362514
כורזים,32.9092792480927,35.5511877228955
אמנון,32.9040113697112,35.573295858117
נטף,31.8320709366851,35.067762054831
אשרת,32.9716665012965,35.1554024019829
חנתון,32.7844807884114,35.2439473507692
מסד,32.8434977151872,35.4235437346465
נווה שלום,31.8177162541009,34.9781687393887
רתמים,31.0527654735701,34.689677550602
הר עמשא,31.3441615647423,35.1017137038268
כפר ורדים,32.9959774564124,35.268747552045
שומרייה,31.431604587271,34.8861889722132
שחרות,29.904615126942,35.000330686139
מיתר,31.3260367506967,34.9402038792129
להבים,31.3700308577217,34.814023619364
חלוץ,32.9502966795371,35.3117824938192
גן נר,32.5311826500036,35.3357017252644
אבטליון,32.8371357094424,35.3509670347898
נווה חריף,30.0380057881807,35.0364100666917
ניצני סיני,30.9043325903526,34.397649961338
תל תאומים,32.4419455408921,35.4959800334049
נופית,32.759156595117,35.1462030288464
כרכום,32.9300056973462,35.6079353474282
שגב-שלום,31.1976411504616,34.8390825301889
גבעת אלה,32.7217436208969,35.2440920484486
זמר,32.3638850608122,35.0363800674835
כמהין,30.9106252846303,34.4315504427017
גבעת אבני,32.7748678481539,35.4382254756663
אור הגנוז,33.0050117407612,35.4464979914937
יאנוח-ג'ת,32.9801385389795,35.243044108469
כסרא-סמיע,32.9696867781479,35.3039214787759
כפר חנניה,32.9155269582844,35.4234883177186
חורה,31.2985131571804,34.9346088129777
שוהם,31.9980206623903,34.9453560183932
צורן,32.2877541059225,34.9447465962527
אלעד,32.0506719831489,34.9569708187256
לפיד,31.9173961172825,35.0323759065794
פורייה עילית,32.7310659518214,35.5465520208554
מתן,32.1585865832231,34.9729659394157
אל -עריאן,32.497702122214,35.1249578894818
בת חפר,32.3334307881039,35.0134261556567
עין חוד,32.6915841440377,34.9998578719183
ארסוף,32.2138453753785,34.8162289631675
אחוזת ברק,32.6434715630098,35.3376304479859
כמאנה,32.9093069761475,35.3475592200598
חוסנייה,32.9006054819709,35.3206151996058
ראס אל-עין,32.9138045898935,35.3724477053174
שמשית,32.7329110485128,35.2459927406349
אל -עזי,31.7208576700707,34.8039265979086
מגדל תפן,32.9773764155558,35.2756660768044
תנובות,32.3067732973135,34.9628799780028
תלמי אלעזר,32.4455030882009,34.9773730798096
שדה יצחק,32.4034045574898,34.9945765114112
יובל,33.2447174066778,35.5978047233938
כפר בן נון,31.8598161711629,34.948262880659
ינון,31.7423459525496,34.7820554304212
אורות,31.7424757745972,34.735224085541
גבעולים,31.3965458874003,34.5909560331958
שדי חמד,32.1603048386719,34.9446223038562
רוויה,32.4478573072796,35.4716851036698
גבעת חיים (איחוד),32.3994372487365,34.9331771972598
להב,31.3791270266834,34.8694982939115
אום אל-קוטוף,32.4696063292815,35.0563084028115
ירדנה,32.5652623535732,35.563920790432
מדרך עוז,32.5949138263186,35.1584522432222
מנוחה,31.6569240595452,34.7769754063621
רקפת,32.8565835144028,35.262795361287
שקף,31.5120019508253,34.9350482600264
תמרת,32.7036421815031,35.2253962210361
לוטן,29.9866807823659,35.0879288257799
כרמי יוסף,31.847991671811,34.9205165237855
מירב,32.4528270025273,35.4218132713322
ג'דיידה-מכר,32.9274972789556,35.1392557952702
נווה זיו,33.0270978625715,35.1823219051438
נוף איילון,31.86960104844,34.9896133304266
בן שמן (מושב),31.9522215691617,34.9218038628078
בית חלקיה,31.7921982003273,34.8117787675994
חצור הגלילית,32.9826199595442,35.5445708263286
עדנים,32.1393451995881,34.909030245295
ברקת,32.0131438694313,34.9531420334696
קריית יערים (מוסד),31.808990424852,35.1030364148431
עין גדי,31.457741608515,35.3905423418134
בחן,32.3501668877942,35.018785362485
מלילות,31.3890298200369,34.5958543511847
נחלה,31.6588771631118,34.7948678046474
סגולה,31.6705162585495,34.780065827712
ניר משה,31.4774049671161,34.6314483430845
ניר עקיבא,31.4699312724209,34.6467058607037
שדה צבי,31.449551784723,34.7118240627333
"תלמי ביל""ו",31.4380565622854,34.6460054448903
רווחה,31.6494523361811,34.7344360720591
אביטל,32.5573961558997,35.307192431959
פרזון,32.5457008754618,35.3103829215617
מיטב,32.5458873512908,35.3004463406855
מאור,32.4214151449814,35.0046448578454
שדי תרומות,32.438983935793,35.4859723399312
"פעמי תש""ז",31.4402895967253,34.6932742745221
ברוש,31.3705649108042,34.6318474112431
תדהר,31.3782888005781,34.6270535982662
תאשור,31.3715258235954,34.643740951034
דישון,33.0822024487714,35.5188414716608
זרועה,31.4585196778709,34.6244224664664
טירת כרמל,32.7672607515335,34.9671873001486
דימונה,31.0672437063232,35.0274193387046
קריית טבעון,32.7138883540061,35.1247074731008
אור יהודה,32.0273928411141,34.8558095991058
נשר,32.7718669882314,35.0436111458389
באר יעקב,31.9439557857411,34.8406603433987
גדרה,31.8111733047572,34.7795009103103
ערד,31.2560962880504,35.2128359310491
אילת,29.5537403540528,34.9397944592708
בית שמש,31.7452437746845,34.9906976154413
קריית אונו,32.0587995699251,34.8586530484184
קריית גת,31.6046000032077,34.7743846179877
ראש העין,32.0970736893186,34.9582659568423
רמת השרון,32.1361231639663,34.8407667807057
